<?xml version="1.0" encoding="UTF-8"?>
<beans xmlns="http://www.springframework.org/schema/beans"
	xmlns:xsi="http://www.w3.org/2001/XMLSchema-instance" xmlns:security="http://www.springframework.org/schema/security"
	xsi:schemaLocation="http://www.springframework.org/schema/security http://www.springframework.org/schema/security/spring-security.xsd
      http://www.springframework.org/schema/beans http://www.springframework.org/schema/beans/spring-beans.xsd">


	<bean id="customAccessDenied" class="org.easyway.security.CustomAccessDeniedHandler"></bean>
	<bean id="customLoginSuccess"
		class="org.easyway.security.CustomLoginSuccessHandler"></bean>
	<bean id="bcryptPasswordEncoder"
		class="org.springframework.security.crypto.bcrypt.BCryptPasswordEncoder"></bean>
	<bean id="customUserDetailsService" class="org.easyway.security.CustomUserDetailsService"></bean>

	<security:http>
	
		<security:intercept-url pattern="/resources/**" access="permitAll" />
		<security:intercept-url pattern="/member/register/**" access="permitAll" />
		<security:intercept-url pattern="/" access="permitAll" />
		
		<security:intercept-url pattern="/office/**" access="hasRole('ROLE_MEMBER') or hasRole('ROLE_ADMIN')" />
		<security:intercept-url pattern="/member/login" access="isAnonymous()" />
		<security:intercept-url pattern="/member/register" access="isAnonymous()" />
		
		
		
		<security:form-login login-page="/member/login" 
			authentication-success-handler-ref="customLoginSuccess" />
		
		<security:logout logout-url="/member/logout"
			invalidate-session="true" delete-cookies="JSESSION_ID"/>

 		<security:access-denied-handler ref="customAccessDenied" />

	</security:http>
	<security:authentication-manager>
		<security:authentication-provider
			user-service-ref="customUserDetailsService">

			<security:password-encoder ref="bcryptPasswordEncoder" />
		</security:authentication-provider>
	</security:authentication-manager>
</beans>