<?xml version="1.0" encoding="UTF-8"?>
<!DOCTYPE mapper PUBLIC "-//mybatis.org//DTD Mapper 3.0//EN" 
"http://mybatis.org/dtd/mybatis-3-mapper.dtd">



<mapper namespace="org.easyway.mapper.OfficeMapper">

	<resultMap id="officeVOResultMap" type="org.easyway.domain.office.OfficeVO">
		<id property="officeId" column="office_id" />
		<result property="officeName" column="office_name" />
		<result property="officeCode" column="office_code" />
	</resultMap>
	
	<resultMap id="positionVOResultMap" type="org.easyway.domain.office.PositionVO">
		<id property="positionId" column="position_id" />
		<result property="positionName" column="position_name" />
		<result property="officeId" column="office_id" />
		<result property="positionLevel" column="position_level" />
	</resultMap>
	
	<resultMap id="departmentVOResultMap" type="org.easyway.domain.office.DepartmentVO">
		<id property="departmentId" column="department_id" />
		<result property="officeId" column="office_id" />
		<result property="departmentName" column="department_name" />
	</resultMap>
	
	<resultMap id="annualVacationVOResultMap" type="org.easyway.domain.office.AnnualVacation">
		<id property="annualVacationId" column="av_id" />
		<result property="officeId" column="office_id" />
		<result property="annual" column="annual" />
		<result property="vacations" column="vacations" />
	</resultMap>
	
	<insert id="insertOffice">
		insert into office(
		office_id, office_name, office_code
		)
		values(
		office_seq.nextval, #{officeName}, #{officeCode}
		)
		<selectKey keyProperty="officeId" resultType="long" order="AFTER">
			select office_seq.CURRVAL FROM DUAL
		</selectKey>
	</insert>

	<insert id="insertOfficeCreate">
		insert into office_create(oc_id, member_id,
		office_id)
		values( oc_seq.nextval, #{memberId}, #{officeId} )
	</insert>

	<insert id="insertPosition">
		insert into position(position_id, office_id,
		position_name, position_level)
		values( position_seq.nextval,
		#{officeId}, #{positionName}, #{positionLevel} )
		<selectKey keyProperty="positionId" resultType="long" order="AFTER">
			select position_seq.CURRVAL FROM DUAL
		</selectKey>
	</insert>
	<insert id="insertAnnualVacation">
		insert into annual_vacation(av_id, office_id, annual,
		vacations)
		values( av_seq.nextval, #{officeId}, #{annual},
		#{vacations})
	</insert>
	<insert id="insertDepartment">
		insert into department(department_id, office_id, department_name)
		values( department_seq.nextval, #{officeId}, #{departmentName})
		
		<selectKey keyProperty="departmentId" resultType="long" order="AFTER">
			select department_seq.CURRVAL FROM DUAL
		</selectKey>
	</insert>


	<select id="getOffice" resultMap="officeVOResultMap">
		select * from office where office_id = #{officeId}
	</select>
	<select id="getAnnualVacation" resultMap="annualVacationVOResultMap">
		select * from annual_vacation where office_id = #{officeId} and annual = #{annual}
	</select>
	<select id="getAnnualVacationList" resultMap="annualVacationVOResultMap">
		select * from annual_vacation where office_id = #{officeId}
	</select>
	<select id="getPositionList" resultMap="positionVOResultMap">
		select * from position where office_id = #{officeId}
	</select>
	<select id="getDepartmentList" resultMap="departmentVOResultMap">
		select * from department where office_id = #{officeId}
	</select>
	
	<select id="getList" resultMap="officeVOResultMap">
		select o.office_id,o.office_name,
		o.office_code from office o
		join office_create c on o.office_id = c.office_id where c.member_id =
		#{memberId}
	</select>
	
	<select id="getListByEmployee" resultMap="officeVOResultMap">
		select o.office_id,o.office_name from office o
		join employee e on o.office_id = e.office_id where e.member_id =
		#{memberId}
	</select>

	<delete id="deleteOffice" parameterType="int">
		delete from office
		where
		office_id = #{office_id}
	</delete>
	
	<update id="updateVacation" parameterType="org.easyway.domain.office.AnnualVacation">
		update
		annual_vacation set
		vacations = #{vacations}
		where av_id = #{annualVacationId}
	</update>
</mapper>















