<?xml version="1.0" encoding="UTF-8"?>
<!DOCTYPE mapper PUBLIC "-//mybatis.org//DTD Mapper 3.0//EN" 
"http://mybatis.org/dtd/mybatis-3-mapper.dtd">


<!-- 보드를 그냥쓰면 오류가 뜨기 때문에 콘피그에 typeAlias -->
<mapper namespace="org.easyway.mapper.ProjectMapper">

	<insert id="insertProject">
		insert into project(
			project_id, project_name, project_start, project_end, project_content
		)
		values(
			project_seq.nextval, #{projectName}, #{projectStart}, #{projectEnd}, #{projectContent}
		)
	</insert>

	<select id="getListProject" resultType="org.easyway.domain.project.Project">
		SELECT
			project_id AS projectId,
			project_name AS projectName,
			project_start AS projectStart,
			project_end AS projectEnd,
			project_content AS projectContent
		FROM
			PROJECT
	</select>
	
	<update id="updateProject">
		UPDATE
			project
		SET
			project_name = #{projectName}, project_end = #{projectEnd}, project_content = #{projectContent} WHERE project_id = #{projectId}
	</update>
	
	<insert id="insertProjectBoard">
		INSERT INTO P_BOARD VALUES(P_BOARD_SEQ.nextval, #{projectId}, #{projectBoardName})
	</insert>
	
	
	<select id="getListProjectBoard" resultType="org.easyway.domain.project.ProjectBoard">
		SELECT
			pb_id AS projectBoardId,
			project_id AS projectId,
			pb_name AS projectBoardName
		FROM
			P_BOARD WHERE PROJECT_ID = #{projectId}
	</select>
	
	<select id="readProjectBoard" resultType="org.easyway.domain.project.ProjectBoard">
		SELECT
			pb_id AS projectBoardId,
			project_id AS projectId,
			pb_name AS projectBoardName
		FROM
			P_BOARD WHERE PROJECT_ID = #{projectId} AND PB_ID = #{projectBoardId}
	</select>
	
	
	<insert id="insertProjectPost">
		INSERT INTO P_POST VALUES(P_POST_SEQ.nextval, #{projectBoardId}, #{projectId}, 1, #{projectPostTitle}, #{projectPostContent}, #{projectPostFilePath}, SYSDATE, 0)
	</insert>

	<select id="getListProjectPost" resultType="org.easyway.domain.project.ProjectPost">
		SELECT
			pp_id AS projectPostId,
			pb_id AS projectBoardId,
			project_id AS projectId,
			employee_id AS employeeId,
			pp_title AS projectPostTitle,
			pp_content AS projectPostContent,
			pp_file_path AS projectPostFilePath,
			pp_date AS projectPostDate,
			pp_views AS projectPostViews
		FROM
			P_POST WHERE PB_ID = #{projectBoardId}
	</select>
	
	<select id="readProjectPost" resultType="org.easyway.domain.project.ProjectPost">
		SELECT
			pp_id AS projectPostId,
			pb_id AS projectBoardId,
			project_id AS projectId,
			employee_id AS employeeId,
			pp_title AS projectPostTitle,
			pp_content AS projectPostContent,
			pp_file_path AS projectPostFilePath,
			pp_date AS projectPostDate,
			pp_views AS projectPostViews
		FROM
			P_POST WHERE PB_ID = #{projectBoardId} AND PP_ID = ${projectPostId}
	</select>
	
	<update id="updateProjectPost">
		UPDATE
			P_POST
		SET
			PP_TITLE = #{projectPostTitle}, PP_CONTENT = #{projectPostContent}, PP_FILE_PATH = #{projectPostFilePath}
		WHERE 
			PB_ID = #{projectBoardId} AND PP_ID = #{projectPostId}
	</update>
	
	<delete id="deleteProjectPost">
		DELETE FROM P_POST WHERE PB_ID = #{projectBoardId} AND PP_ID = #{projectPostId}
	</delete>
	
</mapper>















